CREATE DATABASE  IF NOT EXISTS `movies` /*!40100 DEFAULT CHARACTER SET utf8mb4 COLLATE utf8mb4_unicode_ci */ /*!80016 DEFAULT ENCRYPTION='N' */;
USE `movies`;
-- MySQL dump 10.13  Distrib 8.0.40, for Win64 (x86_64)
--
-- Host: localhost    Database: movies
-- ------------------------------------------------------
-- Server version	8.0.40

/*!40101 SET @OLD_CHARACTER_SET_CLIENT=@@CHARACTER_SET_CLIENT */;
/*!40101 SET @OLD_CHARACTER_SET_RESULTS=@@CHARACTER_SET_RESULTS */;
/*!40101 SET @OLD_COLLATION_CONNECTION=@@COLLATION_CONNECTION */;
/*!50503 SET NAMES utf8 */;
/*!40103 SET @OLD_TIME_ZONE=@@TIME_ZONE */;
/*!40103 SET TIME_ZONE='+00:00' */;
/*!40014 SET @OLD_UNIQUE_CHECKS=@@UNIQUE_CHECKS, UNIQUE_CHECKS=0 */;
/*!40014 SET @OLD_FOREIGN_KEY_CHECKS=@@FOREIGN_KEY_CHECKS, FOREIGN_KEY_CHECKS=0 */;
/*!40101 SET @OLD_SQL_MODE=@@SQL_MODE, SQL_MODE='NO_AUTO_VALUE_ON_ZERO' */;
/*!40111 SET @OLD_SQL_NOTES=@@SQL_NOTES, SQL_NOTES=0 */;

--
-- Table structure for table `movie_genres`
--

DROP TABLE IF EXISTS `movie_genres`;
/*!40101 SET @saved_cs_client     = @@character_set_client */;
/*!50503 SET character_set_client = utf8mb4 */;
CREATE TABLE `movie_genres` (
  `movie_id` int NOT NULL,
  `tag` varchar(100) COLLATE utf8mb4_unicode_ci NOT NULL,
  PRIMARY KEY (`movie_id`,`tag`),
  CONSTRAINT `movie_genres_ibfk_1` FOREIGN KEY (`movie_id`) REFERENCES `movies` (`id`) ON DELETE CASCADE
) ENGINE=InnoDB DEFAULT CHARSET=utf8mb4 COLLATE=utf8mb4_unicode_ci;
/*!40101 SET character_set_client = @saved_cs_client */;

--
-- Dumping data for table `movie_genres`
--

LOCK TABLES `movie_genres` WRITE;
/*!40000 ALTER TABLE `movie_genres` DISABLE KEYS */;
INSERT INTO `movie_genres` VALUES (1,'Sci-Fi'),(2,'Thriller'),(3,'Animation'),(4,'Drama'),(5,'Action');
/*!40000 ALTER TABLE `movie_genres` ENABLE KEYS */;
UNLOCK TABLES;

--
-- Table structure for table `movies`
--

DROP TABLE IF EXISTS `movies`;
/*!40101 SET @saved_cs_client     = @@character_set_client */;
/*!50503 SET character_set_client = utf8mb4 */;
CREATE TABLE `movies` (
  `id` int NOT NULL AUTO_INCREMENT,
  `title` varchar(255) COLLATE utf8mb4_unicode_ci NOT NULL,
  `description` text COLLATE utf8mb4_unicode_ci NOT NULL,
  `genre` varchar(100) COLLATE utf8mb4_unicode_ci NOT NULL,
  `release_year` int DEFAULT NULL,
  `poster_url` varchar(500) COLLATE utf8mb4_unicode_ci DEFAULT NULL,
  `avg_rating` decimal(3,2) NOT NULL DEFAULT '0.00',
  `created_at` datetime NOT NULL DEFAULT CURRENT_TIMESTAMP,
  `imdb_url` varchar(255) COLLATE utf8mb4_unicode_ci DEFAULT NULL,
  `imdb_rating` decimal(3,1) DEFAULT NULL,
  `votes` varchar(50) COLLATE utf8mb4_unicode_ci DEFAULT NULL,
  `director` varchar(255) COLLATE utf8mb4_unicode_ci DEFAULT NULL,
  `writers` text COLLATE utf8mb4_unicode_ci,
  `actors` text COLLATE utf8mb4_unicode_ci,
  `mpaa_rating` varchar(50) COLLATE utf8mb4_unicode_ci DEFAULT NULL,
  `runtime` varchar(50) COLLATE utf8mb4_unicode_ci DEFAULT NULL,
  PRIMARY KEY (`id`)
) ENGINE=InnoDB AUTO_INCREMENT=52 DEFAULT CHARSET=utf8mb4 COLLATE=utf8mb4_unicode_ci;
/*!40101 SET character_set_client = @saved_cs_client */;

--
-- Dumping data for table `movies`
--

LOCK TABLES `movies` WRITE;
/*!40000 ALTER TABLE `movies` DISABLE KEYS */;
INSERT INTO `movies` VALUES (1,'The Shawshank Redemption','Two imprisoned men bond over a number of years, finding solace and eventual redemption through acts of common decency.','Drama',1994,'https://m.media-amazon.com/images/M/MV5BMDFkYTc0MGEtZmNhMC00ZDIzLWFmNTEtODM1ZmRlYWMwMWFmXkEyXkFqcGdeQXVyMTMxODk2OTU@._V1_QL75_UX190_CR0,0,190,281_.jpg',3.50,'2025-12-16 16:46:02','http://www.imdb.com/title/tt0111161/?ref_=fn_al_tt_1',9.3,'2.5M','Frank Darabont','Stephen King, Frank Darabont','Tim Robbins, Morgan Freeman, Bob Gunton, William Sadler, Clancy Brown','R','2h 22min'),(2,'Forrest Gump','The presidencies of Kennedy and Johnson, the Vietnam War, the Watergate scandal and other historical events unfold from the perspective of an Alabama man with an IQ of 75, whose only desire is to be reunited with his ch…','Drama',1994,'https://m.media-amazon.com/images/M/MV5BNWIwODRlZTUtY2U3ZS00Yzg1LWJhNzYtMmZiYmEyNmU1NjMzXkEyXkFqcGdeQXVyMTQxNzMzNDI@._V1_QL75_UY281_CR2,0,190,281_.jpg',4.40,'2025-12-16 16:46:02','http://www.imdb.com/title/tt0109830/?ref_=fn_al_tt_1',8.8,'1.9M','Robert Zemeckis','Winston Groom, Eric Roth','Tom Hanks, Robin Wright, Gary Sinise, Sally Field, Rebecca Williams','PG-13','2h 22min'),(3,'The Godfather','An organized crime dynasty\'s aging patriarch transfers control of his clandestine empire to his reluctant son.','Crime',1972,'https://m.media-amazon.com/images/M/MV5BM2MyNjYxNmUtYTAwNi00MTYxLWJmNWYtYzZlODY3ZTk3OTFlXkEyXkFqcGdeQXVyNzkwMjQ5NzM@._V1_QL75_UY281_CR4,0,190,281_.jpg',4.50,'2025-12-16 16:46:02','http://www.imdb.com/title/tt0068646/?ref_=fn_al_tt_1',9.2,'1.7M','Francis Ford Coppola','Mario Puzo, Francis Ford Coppola','Marlon Brando, Al Pacino, James Caan, Diane Keaton, Richard S. Castellano','R','2h 55min'),(4,'Seven (Se7en)','Two detectives, a rookie and a veteran, hunt a serial killer who uses the seven deadly sins as his motives.','Thriller',1995,'https://m.media-amazon.com/images/M/MV5BOTUwODM5MTctZjczMi00OTk4LTg3NWUtNmVhMTAzNTNjYjcyXkEyXkFqcGdeQXVyNjU0OTQ0OTY@._V1_QL75_UX190_CR0,8,190,281_.jpg',2.00,'2025-12-16 16:46:02','http://www.imdb.com/title/tt0114369/?ref_=fn_al_tt_1',8.6,'1.5M','David Fincher','Andrew Kevin Walker','Morgan Freeman, Brad Pitt, Kevin Spacey, Andrew Kevin Walker, Daniel Zacapa','R','2h 7min'),(5,'Schindler\'s List','In German-occupied Poland during World War II, industrialist Oskar Schindler gradually becomes concerned for his Jewish workforce after witnessing their persecution by the Nazis.','Drama',1993,'https://m.media-amazon.com/images/M/MV5BNDE4OTMxMTctNmRhYy00NWE2LTg3YzItYTk3M2UwOTU5Njg4XkEyXkFqcGdeQXVyNjU0OTQ0OTY@._V1_QL75_UX190_CR0,2,190,281_.jpg',4.50,'2025-12-16 16:46:02','http://www.imdb.com/title/tt0108052/?ref_=fn_al_tt_1',8.9,'1.3M','Steven Spielberg','Thomas Keneally, Steven Zaillian','Liam Neeson, Ralph Fiennes, Ben Kingsley, Caroline Goodall, Jonathan Sagall','R','3h 15min'),(6,'The Godfather: Part II','The early life and career of Vito Corleone in 1920s New York City is portrayed, while his son, Michael, expands and tightens his grip on the family crime syndicate.','Crime',1974,'https://m.media-amazon.com/images/M/MV5BMWMwMGQzZTItY2JlNC00OWZiLWIyMDctNDk2ZDQ2YjRjMWQ0XkEyXkFqcGdeQXVyNzkwMjQ5NzM@._V1_QL75_UY281_CR4,0,190,281_.jpg',4.50,'2025-12-14 15:27:11','http://www.imdb.com/title/tt0071562/?ref_=fn_al_tt_1',9.0,'1.2M','Francis Ford Coppola','Francis Ford Coppola, Mario Puzo','Al Pacino, Robert De Niro, Robert Duvall, Diane Keaton, John Cazale','R','3h 22min'),(7,'GoodFellas','The story of Henry Hill and his life in the mob, covering his relationship with his wife Karen Hill and his mob partners Jimmy Conway and Tommy DeVito in the Italian-American crime syndicate.','Crime',1990,'https://m.media-amazon.com/images/M/MV5BY2NkZjEzMDgtN2RjYy00YzM1LWI4ZmQtMjIwYjFjNmI3ZGEwXkEyXkFqcGdeQXVyNzkwMjQ5NzM@._V1_QL75_UX190_CR0,2,190,281_.jpg',4.30,'2025-12-14 15:27:11','http://www.imdb.com/title/tt0099685/?ref_=fn_al_tt_1',8.7,'1.1M','Martin Scorsese','Nicholas Pileggi, Martin Scorsese','Robert De Niro, Ray Liotta, Joe Pesci, Lorraine Bracco, Paul Sorvino','R','2h 26min'),(8,'Back to the Future','Marty McFly, a 17-year-old high school student, is accidentally sent thirty years into the past in a time-traveling DeLorean invented by his close friend, the eccentric scientist Doc Brown.','Sci-Fi',1985,'https://m.media-amazon.com/images/M/MV5BZmU0M2Y1OGUtZjIxNi00ZjBkLTg1MjgtOWIyNThiZWIwYjRiXkEyXkFqcGdeQXVyMTQxNzMzNDI@._V1_QL75_UX190_CR0,7,190,281_.jpg',4.20,'2025-12-14 15:27:11','http://www.imdb.com/title/tt0088763/?ref_=fn_al_tt_1',8.5,'1.1M','Robert Zemeckis','Robert Zemeckis, Bob Gale','Michael J. Fox, Christopher Lloyd, Lea Thompson, Crispin Glover, Thomas F. Wilson','PG','1h 56min'),(9,'Titanic','A seventeen-year-old aristocrat falls in love with a kind but poor artist aboard the luxurious, ill-fated R.M.S.','Romance',1997,'https://m.media-amazon.com/images/M/MV5BMDdmZGU3NDQtY2E5My00ZTliLWIzOTUtMTY4ZGI1YjdiNjk3XkEyXkFqcGdeQXVyNTA4NzY1MzY@._V1_QL75_UX190_CR0,1,190,281_.jpg',3.90,'2025-12-14 15:27:11','http://www.imdb.com/title/tt0120338/?ref_=fn_al_tt_1',7.8,'1.1M','James Cameron','James Cameron','Leonardo DiCaprio, Kate Winslet, Billy Zane, Kathy Bates, Frances Fisher','PG-13','3h 14min'),(10,'The Usual Suspects','A sole survivor tells of the twisty events leading up to a horrific gun battle on a boat, which began when five criminals met at a seemingly random police lineup.','Mystery',1995,'https://m.media-amazon.com/images/M/MV5BYTViNjMyNmUtNDFkNC00ZDRlLThmMDUtZDU2YWE4NGI2ZjVmXkEyXkFqcGdeQXVyNjU0OTQ0OTY@._V1_QL75_UX190_CR0,1,190,281_.jpg',4.20,'2025-12-14 15:27:11','http://www.imdb.com/title/tt0114814/?ref_=fn_al_tt_1',8.5,'1M','Bryan Singer','Christopher McQuarrie','Kevin Spacey, Gabriel Byrne, Chazz Palminteri, Stephen Baldwin, Benicio Del Toro','R','1h 46min'),(11,'The Truman Show','An insurance salesman discovers his whole life is actually a reality TV show.','Drama',1998,'https://m.media-amazon.com/images/M/MV5BMDIzODcyY2EtMmY2MC00ZWVlLTgwMzAtMjQwOWUyNmJjNTYyXkEyXkFqcGdeQXVyNDk3NzU2MTQ@._V1_QL75_UX190_CR0,0,190,281_.jpg',4.00,'2025-12-14 15:27:11','http://www.imdb.com/title/tt0120382/?ref_=fn_al_tt_1',8.1,'993K','Peter Weir','Andrew Niccol','Jim Carrey, Ed Harris, Laura Linney, Noah Emmerich, Natascha McElhone','PG','1h 43min'),(12,'Braveheart','Scottish warrior William Wallace leads his countrymen in a rebellion to free his homeland from the tyranny of King Edward I of England.','Drama',1995,'https://m.media-amazon.com/images/M/MV5BMzkzMmU0YTYtOWM3My00YzBmLWI0YzctOGYyNTkwMWE5MTJkXkEyXkFqcGdeQXVyNzkwMjQ5NzM@._V1_QL75_UY281_CR0,0,190,281_.jpg',4.20,'2025-12-14 15:27:11','http://www.imdb.com/title/tt0112573/?ref_=fn_al_tt_1',8.3,'991K','Mel Gibson','Randall Wallace','Mel Gibson, Sophie Marceau, Patrick McGoohan, Angus Macfadyen, James Robinson','R','2h 58min'),(13,'The Lion King','Lion prince Simba and his father are targeted by his bitter uncle, who wants to ascend the throne himself.','Animation',1994,'https://m.media-amazon.com/images/M/MV5BYTYxNGMyZTYtMjE3MS00MzNjLWFjNmYtMDk3N2FmM2JiM2M1XkEyXkFqcGdeQXVyNjY5NDU4NzI@._V1_QL75_UX190_CR0,0,190,281_.jpg',4.20,'2025-12-14 15:27:11','http://www.imdb.com/title/tt0110357/?ref_=fn_al_tt_1',8.5,'987K','Roger Allers','Irene Mecchi, Jonathan Roberts, Linda Woolverton','Matthew Broderick, Jeremy Irons, James Earl Jones, Whoopi Goldberg, Rowan Atkinson','G','1h 28min'),(14,'Reservoir Dogs','When a simple jewelry heist goes horribly wrong, the surviving criminals begin to suspect that one of them is a police informant.','Crime',1992,'https://m.media-amazon.com/images/M/MV5BZmExNmEwYWItYmQzOS00YjA5LTk2MjktZjEyZDE1Y2QxNjA1XkEyXkFqcGdeQXVyMTQxNzMzNDI@._V1_QL75_UX190_CR0,1,190,281_.jpg',4.20,'2025-12-14 15:27:11','http://www.imdb.com/title/tt0105236/?ref_=fn_al_tt_1',8.3,'961K','Quentin Tarantino','Quentin Tarantino, Roger Avary','Harvey Keitel, Tim Roth, Michael Madsen, Chris Penn, Steve Buscemi','R','1h 39min'),(15,'One Flew Over the Cuckoo\'s Nest','A criminal pleads insanity and is admitted to a mental institution, where he rebels against the oppressive nurse and rallies up the scared patients.','Drama',1975,'https://m.media-amazon.com/images/M/MV5BZjA0OWVhOTAtYWQxNi00YzNhLWI4ZjYtNjFjZTEyYjJlNDVlL2ltYWdlL2ltYWdlXkEyXkFqcGdeQXVyMTQxNzMzNDI@._V1_QL75_UX190_CR0,0,190,281_.jpg',2.00,'2025-12-14 15:27:11','http://www.imdb.com/title/tt0073486/?ref_=fn_al_tt_1',8.7,'957K','Milos Forman','Lawrence Hauben, Bo Goldman, Ken Kesey','Jack Nicholson, Louise Fletcher, Michael Berryman, Peter Brocco, Dean R. Brooks','R','2h 13min'),(16,'The Shining','A family heads to an isolated hotel for the winter where a sinister presence influences the father into violence, while his psychic son sees horrific forebodings from both past and future.','Horror',1980,'https://m.media-amazon.com/images/M/MV5BZWFlYmY2MGEtZjVkYS00YzU4LTg0YjQtYzY1ZGE3NTA5NGQxXkEyXkFqcGdeQXVyMTQxNzMzNDI@._V1_QL75_UX190_CR0,4,190,281_.jpg',5.00,'2025-12-14 15:27:11','http://www.imdb.com/title/tt0081505/?ref_=fn_al_tt_1',8.4,'947K','Stanley Kubrick','Stephen King, Stanley Kubrick, Diane Johnson','Jack Nicholson, Shelley Duvall, Danny Lloyd, Scatman Crothers, Barry Nelson','R','2h 26min'),(17,'Toy Story','A cowboy doll is profoundly threatened and jealous when a new spaceman figure supplants him as top toy in a boy\'s room.','Animation',1995,'https://m.media-amazon.com/images/M/MV5BMDU2ZWJlMjktMTRhMy00ZTA5LWEzNDgtYmNmZTEwZTViZWJkXkEyXkFqcGdeQXVyNDQ2OTk4MzI@._V1_QL75_UX190_CR0,1,190,281_.jpg',4.20,'2025-12-14 15:27:11','http://www.imdb.com/title/tt0114709/?ref_=fn_al_tt_1',8.3,'930K','John Lasseter','John Lasseter, Pete Docter, Andrew Stanton','Tom Hanks, Tim Allen, Don Rickles, Jim Varney, Wallace Shawn','G','1h 21min'),(18,'Raiders of the Lost Ark','In 1936, archaeologist and adventurer Indiana Jones is hired by the U.S.','Adventure',1981,'https://m.media-amazon.com/images/M/MV5BMjA0ODEzMTc1Nl5BMl5BanBnXkFtZTcwODM2MjAxNA@@._V1_QL75_UX190_CR0,2,190,281_.jpg',4.20,'2025-12-14 15:27:11','http://www.imdb.com/title/tt0082971/?ref_=fn_al_tt_1',8.4,'919K','Steven Spielberg','Lawrence Kasdan, George Lucas, Philip Kaufman','Harrison Ford, Karen Allen, Paul Freeman, John Rhys-Davies, Ronald Lacey','PG','1h 55min'),(19,'Jurassic Park','A pragmatic paleontologist touring an almost complete theme park on an island in Central America is tasked with protecting a couple of kids after a power failure causes the park\'s cloned dinosaurs to run loose.','Adventure',1993,'https://m.media-amazon.com/images/M/MV5BMjM2MDgxMDg0Nl5BMl5BanBnXkFtZTgwNTM2OTM5NDE@._V1_QL75_UX190_CR0,2,190,281_.jpg',4.00,'2025-12-14 15:27:11','http://www.imdb.com/title/tt0107290/?ref_=fn_al_tt_1',8.1,'912K','Steven Spielberg','Michael Crichton, David Koepp','Sam Neill, Laura Dern, Jeff Goldblum, Richard Attenborough, Bob Peck','PG-13','2h 7min'),(20,'Good Will Hunting','Will Hunting, a janitor at M.I.T., has a gift for mathematics, but needs help from a psychologist to find direction in his life.','Drama',1997,'https://m.media-amazon.com/images/M/MV5BOTI0MzcxMTYtZDVkMy00NjY1LTgyMTYtZmUxN2M3NmQ2NWJhXkEyXkFqcGdeQXVyMTQxNzMzNDI@._V1_QL75_UX190_CR0,4,190,281_.jpg',5.00,'2025-12-14 15:27:11','http://www.imdb.com/title/tt0119217/?ref_=fn_al_tt_1',8.3,'904K','Gus Van Sant','Matt Damon, Ben Affleck','Robin Williams, Matt Damon, Ben Affleck, Stellan Skarsgård, John Mighton','R','2h 6min'),(22,'Die Hard','An NYPD officer tries to save his wife and several others taken hostage by German terrorists during a Christmas party at the Nakatomi Plaza in Los Angeles.','Action',1988,'https://m.media-amazon.com/images/M/MV5BZjRlNDUxZjAtOGQ4OC00OTNlLTgxNmQtYTBmMDgwZmNmNjkxXkEyXkFqcGdeQXVyNzkwMjQ5NzM@._V1_QL75_UX190_CR0,2,190,281_.jpg',4.10,'2025-12-14 15:27:11','http://www.imdb.com/title/tt0095016/?ref_=fn_al_tt_1',8.2,'823K','John McTiernan','Roderick Thorp, Jeb Stuart, Steven E. de Souza','Bruce Willis, Alan Rickman, Bonnie Bedelia, Reginald VelJohnson, Paul Gleason','R','2h 12min'),(23,'A Clockwork Orange','In the future, a sadistic gang leader is imprisoned and volunteers for a conduct-aversion experiment, but it doesn\'t go as planned.','Sci-Fi',1971,'https://m.media-amazon.com/images/M/MV5BMTY3MjM1Mzc4N15BMl5BanBnXkFtZTgwODM0NzAxMDE@._V1_QL75_UX190_CR0,0,190,281_.jpg',5.00,'2025-12-14 15:27:11','http://www.imdb.com/title/tt0066921/?ref_=fn_al_tt_1',8.3,'788K','Stanley Kubrick','Stanley Kubrick, Anthony Burgess','Malcolm McDowell, Patrick Magee, Michael Bates, Warren Clarke, John Clive','X','2h 16min'),(25,'Taxi Driver','A mentally unstable veteran works as a nighttime taxi driver in New York City, where the perceived decadence and sleaze fuels his urge for violent action by attempting to liberate a presidential campaign worker and an u…','Crime',1976,'https://m.media-amazon.com/images/M/MV5BM2M1MmVhNDgtNmI0YS00ZDNmLTkyNjctNTJiYTQ2N2NmYzc2XkEyXkFqcGdeQXVyNzkwMjQ5NzM@._V1_QL75_UX190_CR0,4,190,281_.jpg',4.10,'2025-12-14 15:27:11','http://www.imdb.com/title/tt0075314/?ref_=fn_al_tt_1',8.2,'764K','Martin Scorsese','Paul Schrader','Robert De Niro, Jodie Foster, Cybill Shepherd, Albert Brooks, Diahnne Abbott','R','1h 54min'),(26,'12 Angry Men','The jury in a New York City murder trial is frustrated by a single member whose skeptical caution forces them to more carefully consider the evidence before jumping to a hasty verdict.','Drama',1957,'https://m.media-amazon.com/images/M/MV5BMWU4N2FjNzYtNTVkNC00NzQ0LTg0MjAtYTJlMjFhNGUxZDFmXkEyXkFqcGdeQXVyNjc1NTYyMjg@._V1_QL75_UX190_CR0,6,190,281_.jpg',4.50,'2025-12-14 15:27:11','http://www.imdb.com/title/tt0050083/?ref_=fn_al_tt_1',9.0,'732K','Sidney Lumet','Reginald Rose','Henry Fonda, Lee J. Cobb, Martin Balsam, John Fiedler, E.G. Marshall','Approved','1h 36min'),(27,'Blade Runner','A blade runner must pursue and terminate four replicants who stole a ship in space, and have returned to Earth to find their creator.','Sci-Fi',1982,'https://m.media-amazon.com/images/M/MV5BNzQzMzJhZTEtOWM4NS00MTdhLTg0YjgtMjM4MDRkZjUwZDBlXkEyXkFqcGdeQXVyNjU0OTQ0OTY@._V1_QL75_UX190_CR0,1,190,281_.jpg',4.00,'2025-12-14 15:27:11','http://www.imdb.com/title/tt0083658/?ref_=fn_al_tt_1',8.1,'724K','Ridley Scott','Hampton Fancher, David Webb Peoples, Philip K. Dick','Harrison Ford, Rutger Hauer, Sean Young, Edward James Olmos, M. Emmet Walsh','R','1h 57min'),(28,'Indiana Jones and the Last Crusade','In 1938, after his father Professor Henry Jones, Sr.','Adventure',1989,'https://m.media-amazon.com/images/M/MV5BMjNkMzc2N2QtNjVlNS00ZTk5LTg0MTgtODY2MDAwNTMwZjBjXkEyXkFqcGdeQXVyNDk3NzU2MTQ@._V1_QL75_UY281_CR1,0,190,281_.jpg',4.10,'2025-12-14 15:27:11','http://www.imdb.com/title/tt0097576/?ref_=fn_al_tt_1',8.2,'719K','Steven Spielberg','Jeffrey Boam, George Lucas, Menno Meyjes','Harrison Ford, Sean Connery, Alison Doody, Denholm Elliott, John Rhys-Davies','PG-13','2h 7min'),(29,'Full Metal Jacket','A pragmatic U.S.','Drama',1987,'https://m.media-amazon.com/images/M/MV5BNzkxODk0NjEtYjc4Mi00ZDI0LTgyYjEtYzc1NDkxY2YzYTgyXkEyXkFqcGdeQXVyNzkwMjQ5NzM@._V1_QL75_UX190_CR0,2,190,281_.jpg',4.20,'2025-12-14 15:27:12','http://www.imdb.com/title/tt0093058/?ref_=fn_al_tt_1',8.3,'703K','Stanley Kubrick','Stanley Kubrick, Michael Herr, Gustav Hasford','Matthew Modine, R. Lee Ermey, Vincent DOnofrio, Adam Baldwin, Dorian Harewood','R','1h 56min'),(30,'Aliens','Fifty-seven years after surviving an apocalyptic attack aboard her space vessel by merciless space creatures, Officer Ripley awakens from hyper-sleep and tries to warn anyone who will listen about the predators.','Sci-Fi',1986,'https://m.media-amazon.com/images/M/MV5BZGU2OGY5ZTYtMWNhYy00NjZiLWI0NjUtZmNhY2JhNDRmODU3XkEyXkFqcGdeQXVyNzkwMjQ5NzM@._V1_QL75_UX190_CR0,7,190,281_.jpg',5.00,'2025-12-14 15:27:12','http://www.imdb.com/title/tt0090605/?ref_=fn_al_tt_1',8.3,'680K','James Cameron','James Cameron, David Giler, Walter Hill','Sigourney Weaver, Michael Biehn, Carrie Henn, Paul Reiser, Lance Henriksen','R','2h 17min'),(31,'Trainspotting','Renton, deeply immersed in the Edinburgh drug scene, tries to clean up and get out, despite the allure of the drugs and influence of friends.','Drama',1996,'https://m.media-amazon.com/images/M/MV5BMzA5Zjc3ZTMtMmU5YS00YTMwLWI4MWUtYTU0YTVmNjVmODZhXkEyXkFqcGdeQXVyNjU0OTQ0OTY@._V1_QL75_UX190_CR0,0,190,281_.jpg',4.00,'2025-12-14 15:27:12','http://www.imdb.com/title/tt0117951/?ref_=fn_al_tt_1',8.1,'658K','Danny Boyle','Irvine Welsh, John Hodge','Ewan McGregor, Ewen Bremner, Jonny Lee Miller, Kevin McKidd, Robert Carlyle','R','1h 33min'),(32,'Fargo','Minnesota car salesman Jerry Lundegaard\'s inept crime falls apart due to his and his henchmen\'s bungling and the persistent police work of the quite pregnant Marge Gunderson.','Crime',1996,'https://m.media-amazon.com/images/M/MV5BNDJiZDgyZjctYmRjMS00ZjdkLTkwMTEtNGU1NDg3NDQ0Yzk1XkEyXkFqcGdeQXVyNzkwMjQ5NzM@._V1_QL75_UY281_CR0,0,190,281_.jpg',4.00,'2025-12-14 15:27:12','http://www.imdb.com/title/tt0116282/?ref_=fn_al_tt_1',8.1,'645K','Joel Coen','Ethan Coen, Joel Coen','William H. Macy, Frances McDormand, Steve Buscemi, Peter Stormare, Kristin Rudrüd','R','1h 38min'),(33,'Psycho','A Phoenix secretary embezzles $40,000 from her employer\'s client, goes on the run, and checks into a remote motel run by a young man under the domination of his mother.','Horror',1960,'https://m.media-amazon.com/images/M/MV5BNTQwNDM1YzItNDAxZC00NWY2LTk0M2UtNDIwNWI5OGUyNWUxXkEyXkFqcGdeQXVyNzkwMjQ5NzM@._V1_QL75_UX190_CR0,0,190,281_.jpg',4.20,'2025-12-14 15:27:12','http://www.imdb.com/title/tt0054215/?ref_=fn_al_tt_1',8.5,'633K','Alfred Hitchcock','Joseph Stefano, Robert Bloch','Anthony Perkins, Janet Leigh, Vera Miles, John Gavin, Martin Balsam','R','1h 49min'),(34,'2001: A Space Odyssey','After discovering a mysterious artifact buried beneath the Lunar surface, mankind sets off on a quest to find its origins with help from intelligent supercomputer H.A.L.','Sci-Fi',1968,'https://m.media-amazon.com/images/M/MV5BMmNlYzRiNDctZWNhMi00MzI4LThkZTctMTUzMmZkMmFmNThmXkEyXkFqcGdeQXVyNzkwMjQ5NzM@._V1_QL75_UX190_CR0,0,190,281_.jpg',4.20,'2025-12-14 15:27:12','http://www.imdb.com/title/tt0062622/?ref_=fn_al_tt_1',8.3,'632K','Stanley Kubrick','Stanley Kubrick, Arthur C. Clarke','Keir Dullea, Gary Lockwood, William Sylvester, Daniel Richter, Leonard Rossiter','G','2h 29min'),(35,'Apocalypse Now','A U.S.','Drama',1979,'https://m.media-amazon.com/images/M/MV5BMDdhODg0MjYtYzBiOS00ZmI5LWEwZGYtZDEyNDU4MmQyNzFkXkEyXkFqcGdeQXVyNzkwMjQ5NzM@._V1_QL75_UX190_CR0,2,190,281_.jpg',4.20,'2025-12-14 15:27:12','http://www.imdb.com/title/tt0078788/?ref_=fn_al_tt_1',8.4,'631K','Francis Ford Coppola','John Milius, Francis Ford Coppola, Michael Herr','Martin Sheen, Marlon Brando, Robert Duvall, Frederic Forrest, Sam Bottoms','R','2h 27min'),(36,'Heat','A group of high-end professional thieves start to feel the heat from the LAPD when they unknowingly leave a clue at their latest heist.','Crime',1995,'https://m.media-amazon.com/images/M/MV5BNGMwNzUwNjYtZWM5NS00YzMyLWI4NjAtNjM0ZDBiMzE1YWExXkEyXkFqcGdeQXVyNDk3NzU2MTQ@._V1_QL75_UY281_CR1,0,190,281_.jpg',4.10,'2025-12-14 15:27:12','http://www.imdb.com/title/tt0113277/?ref_=fn_al_tt_1',8.2,'609K','Michael Mann','Michael Mann','Al Pacino, Robert De Niro, Val Kilmer, Jon Voight, Tom Sizemore','R','2h 50min'),(37,'Twelve Monkeys','In a future world devastated by disease, a convict is sent back in time to gather information about the man-made virus that wiped out most of the human population on the planet.','Sci-Fi',1995,'https://m.media-amazon.com/images/M/MV5BN2Y2OWU4MWMtNmIyMy00YzMyLWI0Y2ItMTcyZDc3MTdmZDU4XkEyXkFqcGdeQXVyMTQxNzMzNDI@._V1_QL75_UX190_CR0,1,190,281_.jpg',4.00,'2025-12-14 15:27:12','http://www.imdb.com/title/tt0114746/?ref_=fn_al_tt_1',8.0,'597K','Terry Gilliam','Chris Marker, David Webb Peoples, Janet Peoples','Bruce Willis, Madeleine Stowe, Brad Pitt, Joseph Melito, Jon Seda','R','2h 9min'),(38,'Groundhog Day','A jaded Pittsburgh weatherman finds himself inexplicably trapped in a small town as he lives the same day over and over again.','Comedy',1993,'https://m.media-amazon.com/images/M/MV5BZWIxNzM5YzQtY2FmMS00Yjc3LWI1ZjUtNGVjMjMzZTIxZTIxXkEyXkFqcGdeQXVyNjU0OTQ0OTY@._V1_QL75_UX190_CR0,1,190,281_.jpg',4.00,'2025-12-14 15:27:12','http://www.imdb.com/title/tt0107048/?ref_=fn_al_tt_1',8.0,'597K','Harold Ramis','Danny Rubin, Harold Ramis','Bill Murray, Andie MacDowell, Chris Elliott, Stephen Tobolowsky, Brian Doyle-Murray','PG','1h 41min'),(39,'Jaws','When a killer shark unleashes chaos on beach community off Long Island, it\'s up to a local sheriff, a marine biologist, and an old seafarer to hunt the beast down.','Thriller',1975,'https://m.media-amazon.com/images/M/MV5BMmVmODY1MzEtYTMwZC00MzNhLWFkNDMtZjAwM2EwODUxZTA5XkEyXkFqcGdeQXVyNTAyODkwOQ@@._V1_QL75_UX190_CR0,5,190,281_.jpg',4.00,'2025-12-14 15:27:12','http://www.imdb.com/title/tt0073195/?ref_=fn_al_tt_1',8.0,'567K','Steven Spielberg','Peter Benchley, Carl Gottlieb','Roy Scheider, Robert Shaw, Richard Dreyfuss, Lorraine Gary, Murray Hamilton','PG','2h 4min'),(40,'L.A. Confidential','As corruption grows in 1950s Los Angeles, three policemen - one strait-laced, one brutal, and one sleazy - investigate a series of murders with their own brand of justice.','Crime',1997,'https://m.media-amazon.com/images/M/MV5BMDQ2YzEyZGItYWRhOS00MjBmLTkzMDUtMTdjYzkyMmQxZTJlXkEyXkFqcGdeQXVyNjU0OTQ0OTY@._V1_QL75_UY281_CR1,0,190,281_.jpg',4.10,'2025-12-14 15:27:12','http://www.imdb.com/title/tt0119488/?ref_=fn_al_tt_1',8.2,'553K','Curtis Hanson','James Ellroy, Brian Helgeland, Curtis Hanson','Kevin Spacey, Russell Crowe, Guy Pearce, Kim Basinger, James Cromwell','R','2h 18min'),(41,'Independence Day (ID4)','The aliens are coming and their goal is to invade and destroy Earth.','Sci-Fi',1996,'https://m.media-amazon.com/images/M/MV5BMGQwNDNkMmItYWY1Yy00YTZmLWE5OTAtODU0MGZmMzQ1NDdkXkEyXkFqcGdeQXVyMTQxNzMzNDI@._V1_QL75_UX190_CR0,2,190,281_.jpg',3.50,'2025-12-14 15:27:12','http://www.imdb.com/title/tt0116629/?ref_=fn_al_tt_1',7.0,'550K','Roland Emmerich','Dean Devlin, Roland Emmerich','Will Smith, Bill Pullman, Jeff Goldblum, Mary McDonnell, Judd Hirsch','PG-13','2h 25min'),(42,'Casablanca','A cynical expatriate American cafe owner struggles to decide whether or not to help his former lover and her fugitive husband escape the Nazis in French Morocco.','Romance',1942,'https://m.media-amazon.com/images/M/MV5BY2IzZGY2YmEtYzljNS00NTM5LTgwMzUtMzM1NjQ4NGI0OTk0XkEyXkFqcGdeQXVyNDYyMDk5MTU@._V1_QL75_UX190_CR0,3,190,281_.jpg',4.20,'2025-12-14 15:27:12','http://www.imdb.com/title/tt0034583/?ref_=fn_al_tt_1',8.5,'544K','Michael Curtiz','Julius J. Epstein, Philip G. Epstein, Howard Koch','Humphrey Bogart, Ingrid Bergman, Paul Henreid, Claude Rains, Conrad Veidt','PG','1h 42min'),(43,'Men in Black','A police officer joins a secret organization that polices and monitors extraterrestrial interactions on Earth.','Sci-Fi',1997,'https://m.media-amazon.com/images/M/MV5BOTlhYTVkMDktYzIyNC00NzlkLTlmN2ItOGEyMWQ4OTA2NDdmXkEyXkFqcGdeQXVyNTAyODkwOQ@@._V1_QL75_UX190_CR0,2,190,281_.jpg',3.60,'2025-12-14 15:27:12','http://www.imdb.com/title/tt0119654/?ref_=fn_al_tt_1',7.3,'537K','Barry Sonnenfeld','Lowell Cunningham, Ed Solomon','Tommy Lee Jones, Will Smith, Linda Fiorentino, Vincent DOnofrio, Rip Torn','PG-13','1h 38min'),(44,'Monty Python and the Holy Grail','King Arthur and his Knights of the Round Table embark on a surreal, low-budget search for the Holy Grail, encountering many, very silly obstacles.','Comedy',1975,'https://m.media-amazon.com/images/M/MV5BN2IyNTE4YzUtZWU0Mi00MGIwLTgyMmQtMzQ4YzQxYWNlYWE2XkEyXkFqcGdeQXVyNjU0OTQ0OTY@._V1_QL75_UX190_CR0,2,190,281_.jpg',4.10,'2025-12-14 15:27:12','http://www.imdb.com/title/tt0071853/?ref_=fn_al_tt_1',8.2,'519K','Terry Gilliam','Graham Chapman, John Cleese, Eric Idle','Graham Chapman, John Cleese, Eric Idle, Terry Gilliam, Terry Jones','PG','1h 31min'),(45,'Home Alone','An eight-year-old troublemaker must protect his house from a pair of burglars when he is accidentally left home alone by his family during Christmas vacation.','Comedy',1990,'https://m.media-amazon.com/images/M/MV5BMzFkM2YwOTQtYzk2Mi00N2VlLWE3NTItN2YwNDg1YmY0ZDNmXkEyXkFqcGdeQXVyMTMxODk2OTU@._V1_QL75_UX190_CR0,1,190,281_.jpg',5.00,'2025-12-14 15:27:12','http://www.imdb.com/title/tt0099785/?ref_=fn_al_tt_1',7.6,'509K','Chris Columbus','John Hughes','Macaulay Culkin, Joe Pesci, Daniel Stern, John Heard, Roberts Blossom','PG','1h 43min'),(46,'Casino','A tale of greed, deception, money, power, and murder occur between two best friends: a mafia enforcer and a casino executive compete against each other over a gambling empire, and over a fast-living and fast-loving soci…','Crime',1995,'https://m.media-amazon.com/images/M/MV5BMTcxOWYzNDYtYmM4YS00N2NkLTk0NTAtNjg1ODgwZjAxYzI3XkEyXkFqcGdeQXVyNTA4NzY1MzY@._V1_QL75_UX190_CR0,2,190,281_.jpg',4.10,'2025-12-14 15:27:12','http://www.imdb.com/title/tt0112641/?ref_=fn_al_tt_1',8.2,'490K','Martin Scorsese','Nicholas Pileggi, Martin Scorsese','Robert De Niro, Sharon Stone, Joe Pesci, James Woods, Don Rickles','R','2h 58min'),(47,'Dr. Strangelove or: How I Learned to Stop Worrying and Love the Bomb','An insane general triggers a path to nuclear holocaust that a War Room full of politicians and generals frantically tries to stop.','Comedy',1964,'https://m.media-amazon.com/images/M/MV5BZWI3ZTMxNjctMjdlNS00NmUwLWFiM2YtZDUyY2I3N2MxYTE0XkEyXkFqcGdeQXVyNzkwMjQ5NzM@._V1_QL75_UX190_CR0,7,190,281_.jpg',4.20,'2025-12-14 15:27:12','http://www.imdb.com/title/tt0057012/?ref_=fn_al_tt_1',8.4,'469K','Stanley Kubrick','Stanley Kubrick, Terry Southern, Peter George','Peter Sellers, George C. Scott, Sterling Hayden, Keenan Wynn, Slim Pickens','PG','1h 35min'),(48,'Rear Window','A wheelchair-bound photographer spies on his neighbors from his Greenwich Village courtyard apartment window, and becomes convinced one of them has committed murder, despite the skepticism of his fashion-model girlfrien…','Mystery',1954,'https://m.media-amazon.com/images/M/MV5BNGUxYWM3M2MtMGM3Mi00ZmRiLWE0NGQtZjE5ODI2OTJhNTU0XkEyXkFqcGdeQXVyMTQxNzMzNDI@._V1_QL75_UY281_CR1,0,190,281_.jpg',4.20,'2025-12-14 15:27:12','http://www.imdb.com/title/tt0047396/?ref_=fn_al_tt_1',8.5,'467K','Alfred Hitchcock','John Michael Hayes, Cornell Woolrich','James Stewart, Grace Kelly, Wendell Corey, Thelma Ritter, Raymond Burr','PG','1h 52min'),(49,'Dead Poets Society','Maverick teacher John Keating uses poetry to embolden his boarding school students to new heights of self-expression.','Drama',1989,'https://m.media-amazon.com/images/M/MV5BOGYwYWNjMzgtNGU4ZC00NWQ2LWEwZjUtMzE1Zjc3NjY3YTU1XkEyXkFqcGdeQXVyMTQxNzMzNDI@._V1_QL75_UY281_CR0,0,190,281_.jpg',4.00,'2025-12-14 15:27:12','http://www.imdb.com/title/tt0097165/?ref_=fn_al_tt_1',8.1,'451K','Peter Weir','Tom Schulman','Robin Williams, Robert Sean Leonard, Ethan Hawke, Josh Charles, Gale Hansen','PG','2h 8min'),(50,'The Fifth Element','In the colorful future, a cab driver unwittingly becomes the central figure in the search for a legendary cosmic weapon to keep Evil and Mr.','Sci-Fi',1997,'https://m.media-amazon.com/images/M/MV5BZWFjYmZmZGQtYzg4YS00ZGE5LTgwYzAtZmQwZjQ2NDliMGVmXkEyXkFqcGdeQXVyNTUyMzE4Mzg@._V1_QL75_UY281_CR3,0,190,281_.jpg',3.90,'2025-12-14 15:27:12','http://www.imdb.com/title/tt0119116/?ref_=fn_al_tt_1',7.7,'450K','Luc Besson','Luc Besson, Robert Mark Kamen','Bruce Willis, Milla Jovovich, Gary Oldman, Ian Holm, Chris Tucker','PG-13','2h 6min'),(51,'Zootropolis','In a city of anthropomorphic animals, a rookie bunny cop and a cynical con artist fox must work together to uncover a conspiracy.','Comedy',2016,NULL,0.00,'2025-12-18 01:18:58',NULL,NULL,NULL,NULL,NULL,NULL,NULL,NULL);
/*!40000 ALTER TABLE `movies` ENABLE KEYS */;
UNLOCK TABLES;

--
-- Table structure for table `ratings`
--

DROP TABLE IF EXISTS `ratings`;
/*!40101 SET @saved_cs_client     = @@character_set_client */;
/*!50503 SET character_set_client = utf8mb4 */;
CREATE TABLE `ratings` (
  `id` int NOT NULL AUTO_INCREMENT,
  `user_id` int NOT NULL,
  `movie_id` int NOT NULL,
  `rating` int NOT NULL,
  `review` text COLLATE utf8mb4_unicode_ci,
  `created_at` datetime NOT NULL DEFAULT CURRENT_TIMESTAMP,
  PRIMARY KEY (`id`),
  UNIQUE KEY `uniq_user_movie` (`user_id`,`movie_id`),
  KEY `movie_id` (`movie_id`),
  CONSTRAINT `ratings_ibfk_1` FOREIGN KEY (`user_id`) REFERENCES `users` (`id`) ON DELETE CASCADE,
  CONSTRAINT `ratings_ibfk_2` FOREIGN KEY (`movie_id`) REFERENCES `movies` (`id`) ON DELETE CASCADE
) ENGINE=InnoDB AUTO_INCREMENT=21 DEFAULT CHARSET=utf8mb4 COLLATE=utf8mb4_unicode_ci;
/*!40101 SET character_set_client = @saved_cs_client */;

--
-- Dumping data for table `ratings`
--

LOCK TABLES `ratings` WRITE;
/*!40000 ALTER TABLE `ratings` DISABLE KEYS */;
INSERT INTO `ratings` VALUES (1,2,1,5,'the best i have ever seen','2025-12-17 23:14:43'),(3,2,2,3,'sadsfasf','2025-12-16 17:48:28'),(4,1,2,4,'fsdfsdf','2025-12-16 17:55:11'),(5,1,3,5,'fdgdfggfdgfd','2025-12-16 17:58:51'),(6,1,1,2,'kd;lasd','2025-12-16 18:19:13'),(8,3,4,1,'boring','2025-12-17 23:06:39'),(9,2,4,3,'wowowow','2025-12-17 23:12:24'),(11,2,30,5,'i love scary movies','2025-12-17 23:20:15'),(12,2,23,5,'wow','2025-12-17 23:21:04'),(13,2,45,5,'christmas times!!','2025-12-17 23:29:37'),(14,2,15,2,'i got bored quickly','2025-12-18 00:56:17'),(15,2,20,5,'damnnnn','2025-12-18 00:58:51'),(16,2,16,5,'goooood','2025-12-18 01:05:10'),(19,3,3,4,'a boring classic','2025-12-18 02:02:51');
/*!40000 ALTER TABLE `ratings` ENABLE KEYS */;
UNLOCK TABLES;

--
-- Table structure for table `rentals`
--

DROP TABLE IF EXISTS `rentals`;
/*!40101 SET @saved_cs_client     = @@character_set_client */;
/*!50503 SET character_set_client = utf8mb4 */;
CREATE TABLE `rentals` (
  `id` int NOT NULL AUTO_INCREMENT,
  `user_id` int NOT NULL,
  `movie_id` int NOT NULL,
  `rented_at` datetime DEFAULT CURRENT_TIMESTAMP,
  `returned_at` datetime DEFAULT NULL,
  PRIMARY KEY (`id`),
  KEY `user_id` (`user_id`),
  KEY `idx_movie_returned` (`movie_id`,`returned_at`),
  CONSTRAINT `rentals_ibfk_1` FOREIGN KEY (`user_id`) REFERENCES `users` (`id`) ON DELETE CASCADE,
  CONSTRAINT `rentals_ibfk_2` FOREIGN KEY (`movie_id`) REFERENCES `movies` (`id`) ON DELETE CASCADE
) ENGINE=InnoDB AUTO_INCREMENT=26 DEFAULT CHARSET=utf8mb4 COLLATE=utf8mb4_unicode_ci;
/*!40101 SET character_set_client = @saved_cs_client */;

--
-- Dumping data for table `rentals`
--

LOCK TABLES `rentals` WRITE;
/*!40000 ALTER TABLE `rentals` DISABLE KEYS */;
INSERT INTO `rentals` VALUES (1,3,7,'2025-12-18 00:31:38','2025-12-18 00:33:34'),(2,2,7,'2025-12-18 00:34:03','2025-12-18 00:34:14'),(3,2,20,'2025-12-18 00:37:09','2025-12-18 00:53:33'),(4,2,20,'2025-12-18 00:53:48','2025-12-18 00:56:39'),(5,2,15,'2025-12-18 00:55:22','2025-12-18 00:56:00'),(6,2,20,'2025-12-18 00:58:32','2025-12-18 00:58:35'),(7,2,16,'2025-12-18 01:04:11','2025-12-18 01:04:58'),(8,4,45,'2025-12-18 01:21:35','2025-12-18 01:22:48'),(9,4,51,'2025-12-18 01:23:03','2025-12-18 01:23:08'),(10,3,3,'2025-12-18 01:37:48','2025-12-18 01:37:55'),(11,3,33,'2025-12-18 01:40:35','2025-12-18 01:41:12'),(12,3,6,'2025-12-18 01:40:39','2025-12-18 01:41:09'),(13,3,26,'2025-12-18 01:40:47','2025-12-18 01:41:05'),(14,3,1,'2025-12-18 01:40:49','2025-12-18 01:41:01'),(15,3,6,'2025-12-18 01:41:41','2025-12-18 01:42:22'),(16,3,26,'2025-12-18 01:41:45','2025-12-18 01:42:26'),(17,3,5,'2025-12-18 01:41:47','2025-12-18 01:42:29'),(18,3,23,'2025-12-18 01:41:50','2025-12-18 01:42:32'),(19,3,30,'2025-12-18 01:44:22','2025-12-18 01:44:44'),(20,3,45,'2025-12-18 01:44:26','2025-12-18 01:44:41'),(21,3,16,'2025-12-18 01:44:29','2025-12-18 01:44:36'),(22,3,20,'2025-12-18 01:44:56','2025-12-18 01:45:09'),(23,3,16,'2025-12-18 01:44:58','2025-12-18 01:45:13'),(24,3,45,'2025-12-18 01:45:00','2025-12-18 01:45:22'),(25,3,30,'2025-12-18 01:45:18','2025-12-18 01:45:26');
/*!40000 ALTER TABLE `rentals` ENABLE KEYS */;
UNLOCK TABLES;

--
-- Table structure for table `users`
--

DROP TABLE IF EXISTS `users`;
/*!40101 SET @saved_cs_client     = @@character_set_client */;
/*!50503 SET character_set_client = utf8mb4 */;
CREATE TABLE `users` (
  `id` int NOT NULL AUTO_INCREMENT,
  `name` varchar(100) COLLATE utf8mb4_unicode_ci NOT NULL,
  `email` varchar(191) COLLATE utf8mb4_unicode_ci NOT NULL,
  `password_hash` varchar(255) COLLATE utf8mb4_unicode_ci NOT NULL,
  `role` enum('user','admin') COLLATE utf8mb4_unicode_ci NOT NULL DEFAULT 'user',
  `created_at` datetime NOT NULL DEFAULT CURRENT_TIMESTAMP,
  PRIMARY KEY (`id`),
  UNIQUE KEY `email` (`email`)
) ENGINE=InnoDB AUTO_INCREMENT=5 DEFAULT CHARSET=utf8mb4 COLLATE=utf8mb4_unicode_ci;
/*!40101 SET character_set_client = @saved_cs_client */;

--
-- Dumping data for table `users`
--

LOCK TABLES `users` WRITE;
/*!40000 ALTER TABLE `users` DISABLE KEYS */;
INSERT INTO `users` VALUES (1,'denemee','denemedeneme@gmail.com','$2a$10$mSjq81CLCHCtoSjcYaVNi.rn4qe4cRd/lXcZqPHNrxy0H1GfF7P7y','user','2025-12-16 16:55:00'),(2,'deneme2','melisgedik41@gmail.com','$2a$10$hOePmRA4uOzmAndLMZzjZ.ur1rl0UmiXj7z3dkZ0Xnyv.0wJD0BC2','user','2025-12-16 17:08:47'),(3,'dneemeee','deneme123@gmail.com','$2a$10$msfbb0ZWA8XMlUxuUCr0au8mLI.RFjkZXzWoXrsImfWaCWyD3Wkai','user','2025-12-16 17:43:50'),(4,'Admin','admin@admin.com','$2a$10$p9tUt1yoxkaDWgDNzt/eyunlBdles9RdvRheVmHzsRivh9SVowQeS','admin','2025-12-16 18:40:01');
/*!40000 ALTER TABLE `users` ENABLE KEYS */;
UNLOCK TABLES;
/*!40103 SET TIME_ZONE=@OLD_TIME_ZONE */;

/*!40101 SET SQL_MODE=@OLD_SQL_MODE */;
/*!40014 SET FOREIGN_KEY_CHECKS=@OLD_FOREIGN_KEY_CHECKS */;
/*!40014 SET UNIQUE_CHECKS=@OLD_UNIQUE_CHECKS */;
/*!40101 SET CHARACTER_SET_CLIENT=@OLD_CHARACTER_SET_CLIENT */;
/*!40101 SET CHARACTER_SET_RESULTS=@OLD_CHARACTER_SET_RESULTS */;
/*!40101 SET COLLATION_CONNECTION=@OLD_COLLATION_CONNECTION */;
/*!40111 SET SQL_NOTES=@OLD_SQL_NOTES */;

-- Dump completed on 2025-12-18  2:12:59
